first_name,last_name,country,email
Olivia,Mackay,Canada,olivia.mackay@example.com
Andre,White,Australia,andre.white@example.com
Morgan,Simon,France,morgan.simon@example.com
Siiri,Kinnunen,Finland,siiri.kinnunen@example.com
Bilotur,Griban,Ukraine,bilotur.griban@example.com
